Workbook

Sheet Этап 1
A1: 1|7.98574e+07 | C1: =VALUE(_xlfn.TEXTBEFORE(A1,"|")) -> 1 | D1: =VALUE(REPLACE(UPPER(_xlfn.TEXTAFTER(A1,"|")),2,1,",")) -> 79857400
A2: 2|6.67329e+07 | C2: =VALUE(_xlfn.TEXTBEFORE(A2,"|")) -> 2 | D2: =VALUE(REPLACE(UPPER(_xlfn.TEXTAFTER(A2,"|")),2,1,",")) -> 66732900
A3: 4|4.22407e+07 | C3: =VALUE(_xlfn.TEXTBEFORE(A3,"|")) -> 4 | D3: =VALUE(REPLACE(UPPER(_xlfn.TEXTAFTER(A3,"|")),2,1,",")) -> 42240700
A4: 8|1.55686e+07 | C4: =VALUE(_xlfn.TEXTBEFORE(A4,"|")) -> 8 | D4: =VALUE(REPLACE(UPPER(_xlfn.TEXTAFTER(A4,"|")),2,1,",")) -> 15568600
A5: 16|7.70859e+06 | C5: =VALUE(_xlfn.TEXTBEFORE(A5,"|")) -> 16 | D5: =VALUE(REPLACE(UPPER(_xlfn.TEXTAFTER(A5,"|")),2,1,",")) -> 7708590
A6: 20|6.35848e+06 | C6: =VALUE(_xlfn.TEXTBEFORE(A6,"|")) -> 20 | D6: =VALUE(REPLACE(UPPER(_xlfn.TEXTAFTER(A6,"|")),2,1,",")) -> 6358480
A26: 1|9.13422e+07 | C26: =VALUE(_xlfn.TEXTBEFORE(A26,"|")) -> 1 | D26: =VALUE(REPLACE(UPPER(_xlfn.TEXTAFTER(A26,"|")),2,1,",")) -> 91342200
A27: 2|7.25602e+07 | C27: =VALUE(_xlfn.TEXTBEFORE(A27,"|")) -> 2 | D27: =VALUE(REPLACE(UPPER(_xlfn.TEXTAFTER(A27,"|")),2,1,",")) -> 72560200
A28: 4|3.83434e+07 | C28: =VALUE(_xlfn.TEXTBEFORE(A28,"|")) -> 4 | D28: =VALUE(REPLACE(UPPER(_xlfn.TEXTAFTER(A28,"|")),2,1,",")) -> 38343400
A29: 8|1.57939e+07 | C29: =VALUE(_xlfn.TEXTBEFORE(A29,"|")) -> 8 | D29: =VALUE(REPLACE(UPPER(_xlfn.TEXTAFTER(A29,"|")),2,1,",")) -> 15793900
A30: 16|8.46984e+06 | C30: =VALUE(_xlfn.TEXTBEFORE(A30,"|")) -> 16 | D30: =VALUE(REPLACE(UPPER(_xlfn.TEXTAFTER(A30,"|")),2,1,",")) -> 8469840
A31: 20|7.16246e+06 | C31: =VALUE(_xlfn.TEXTBEFORE(A31,"|")) -> 20 | D31: =VALUE(REPLACE(UPPER(_xlfn.TEXTAFTER(A31,"|")),2,1,",")) -> 7162460

Sheet Этап 2
A1: 1|4.99974e+07 | C1: =VALUE(_xlfn.TEXTBEFORE(A1,"|")) -> 1 | D1: =VALUE(REPLACE(UPPER(_xlfn.TEXTAFTER(A1,"|")),2,1,",")) -> 49997400
A2: 2|2.09437e+07 | C2: =VALUE(_xlfn.TEXTBEFORE(A2,"|")) -> 2 | D2: =VALUE(REPLACE(UPPER(_xlfn.TEXTAFTER(A2,"|")),2,1,",")) -> 20943700
A3: 4|1.29594e+07 | C3: =VALUE(_xlfn.TEXTBEFORE(A3,"|")) -> 4 | D3: =VALUE(REPLACE(UPPER(_xlfn.TEXTAFTER(A3,"|")),2,1,",")) -> 12959400
A4: 8|9.02289e+06 | C4: =VALUE(_xlfn.TEXTBEFORE(A4,"|")) -> 8 | D4: =VALUE(REPLACE(UPPER(_xlfn.TEXTAFTER(A4,"|")),2,1,",")) -> 9022890
A5: 16|7.62261e+06 | C5: =VALUE(_xlfn.TEXTBEFORE(A5,"|")) -> 16 | D5: =VALUE(REPLACE(UPPER(_xlfn.TEXTAFTER(A5,"|")),2,1,",")) -> 7622610
A6: 20|7.25656e+06 | C6: =VALUE(_xlfn.TEXTBEFORE(A6,"|")) -> 20 | D6: =VALUE(REPLACE(UPPER(_xlfn.TEXTAFTER(A6,"|")),2,1,",")) -> 7256560

Sheet Этап 3
A1: 1|8.28856e+07 | C1: =VALUE(_xlfn.TEXTBEFORE(A1,"|")) -> 1 | D1: =VALUE(REPLACE(UPPER(_xlfn.TEXTAFTER(A1,"|")),2,1,",")) -> 82885600
A2: 2|1.68344e+08 | C2: =VALUE(_xlfn.TEXTBEFORE(A2,"|")) -> 2 | D2: =VALUE(REPLACE(UPPER(_xlfn.TEXTAFTER(A2,"|")),2,1,",")) -> 168344000
A3: 4|3.35977e+08 | C3: =VALUE(_xlfn.TEXTBEFORE(A3,"|")) -> 4 | D3: =VALUE(REPLACE(UPPER(_xlfn.TEXTAFTER(A3,"|")),2,1,",")) -> 335977000
A4: 8|5.96263e+08 | C4: =VALUE(_xlfn.TEXTBEFORE(A4,"|")) -> 8 | D4: =VALUE(REPLACE(UPPER(_xlfn.TEXTAFTER(A4,"|")),2,1,",")) -> 596263000
A5: 16|1.07294e+09 | C5: =VALUE(_xlfn.TEXTBEFORE(A5,"|")) -> 16 | D5: =VALUE(REPLACE(UPPER(_xlfn.TEXTAFTER(A5,"|")),2,1,",")) -> 1072940000
A6: 20|1.33281e+09 | C6: =VALUE(_xlfn.TEXTBEFORE(A6,"|")) -> 20 | D6: =VALUE(REPLACE(UPPER(_xlfn.TEXTAFTER(A6,"|")),2,1,",")) -> 1332810000

Sheet Этап 4
A1: 1|9.76394e+07 | C1: =VALUE(_xlfn.TEXTBEFORE(A1,"|")) -> 1 | D1: =VALUE(REPLACE(UPPER(_xlfn.TEXTAFTER(A1,"|")),2,1,",")) -> 97639400
A2: 2|1.91943e+08 | C2: =VALUE(_xlfn.TEXTBEFORE(A2,"|")) -> 2 | D2: =VALUE(REPLACE(UPPER(_xlfn.TEXTAFTER(A2,"|")),2,1,",")) -> 191943000
A3: 4|3.92217e+08 | C3: =VALUE(_xlfn.TEXTBEFORE(A3,"|")) -> 4 | D3: =VALUE(REPLACE(UPPER(_xlfn.TEXTAFTER(A3,"|")),2,1,",")) -> 392217000
A4: 8|6.17061e+08 | C4: =VALUE(_xlfn.TEXTBEFORE(A4,"|")) -> 8 | D4: =VALUE(REPLACE(UPPER(_xlfn.TEXTAFTER(A4,"|")),2,1,",")) -> 617061000
A5: 16|9.40788e+08 | C5: =VALUE(_xlfn.TEXTBEFORE(A5,"|")) -> 16 | D5: =VALUE(REPLACE(UPPER(_xlfn.TEXTAFTER(A5,"|")),2,1,",")) -> 940788000
A6: 20|1.11835e+09 | C6: =VALUE(_xlfn.TEXTBEFORE(A6,"|")) -> 20 | D6: =VALUE(REPLACE(UPPER(_xlfn.TEXTAFTER(A6,"|")),2,1,",")) -> 1118350000

Sheet Общий
A1: Потоков | B1: Общий лок | C1: Пустой лок | D1: Шардированный лок | E1: Thread-local | F1: Двойной буфер
A2: 1 | B2: {='Этап 1'!$D$1:$D$6 / 1000000} -> 79.8574 | C2: {='Этап 1'!$D$26:$D$31/1000000} -> 91.3422 | D2: {='Этап 2'!D1:D6/1000000} -> 49.9974 | E2: {='Этап 3'!$D$1:$D$6/1000000} -> 82.8856 | F2: {='Этап 4'!D1:D6/1000000} -> 97.6394
A3: 2 | B3: 66.7329 | C3: 72.5602 | D3: 20.9437 | E3: 168.344 | F3: 191.943
A4: 4 | B4: 42.2407 | C4: 38.3434 | D4: 12.9594 | E4: 335.977 | F4: 392.217
A5: 8 | B5: 15.5686 | C5: 15.7939 | D5: 9.02289 | E5: 596.263 | F5: 617.061
A6: 16 | B6: 7.70859 | C6: 8.46984 | D6: 7.62261 | E6: 1072.94 | F6: 940.788
A7: 20 | B7: 6.35848 | C7: 7.16246 | D7: 7.25656 | E7: 1332.81 | F7: 1118.35
